INSERT INTO employee (id, name) VALUES (1, 'John Doe');
INSERT INTO employee (id, name) VALUES (2, 'Bob Johnson');
INSERT INTO employee (id, name) VALUES (3, 'Charlie Brown');
INSERT INTO employee (id, name) VALUES (4, 'David Lee');
INSERT INTO employee (id, name) VALUES (5, 'Emily Chen');
INSERT INTO employee (id, name) VALUES (6, 'Frank Thomas');
INSERT INTO employee (id, name) VALUES (7, 'Grace Davis');
INSERT INTO employee (id, name) VALUES (8, 'Henry Kim');
INSERT INTO employee (id, name) VALUES (9, 'Isabella Martin');
INSERT INTO employee (id, name) VALUES (10, 'Jake Rodriguez');
INSERT INTO employee (id, name) VALUES (11, 'Katie Anderson');
INSERT INTO employee (id, name) VALUES (12, 'Liam Johnson');
INSERT INTO employee (id, name) VALUES (13, 'Mia Smith');
INSERT INTO employee (id, name) VALUES (14, 'Nathan Brown');
INSERT INTO employee (id, name) VALUES (15, 'Olivia Lee');
INSERT INTO employee (id, name) VALUES (16, 'Peter Williams');
INSERT INTO employee (id, name) VALUES (17, 'Queen Kim');
INSERT INTO employee (id, name) VALUES (18, 'Ryan Chen');
INSERT INTO employee (id, name) VALUES (19, 'Samantha Wilson');
INSERT INTO employee (id, name) VALUES (20, 'Tommy Davis');
INSERT INTO employee (id, name) VALUES (21, 'Uma Patel');
INSERT INTO employee (id, name) VALUES (22, 'Victoria Garcia');
INSERT INTO employee (id, name) VALUES (23, 'Willow Anderson');
INSERT INTO employee (id, name) VALUES (24, 'Xavier Davis');
INSERT INTO employee (id, name) VALUES (25, 'Yara Johnson');
INSERT INTO employee (id, name) VALUES (26, 'Zachary Martin');
INSERT INTO employee (id, name) VALUES (27, 'Abigail Brown');
INSERT INTO employee (id, name) VALUES (28, 'Benjamin Lee');
INSERT INTO employee (id, name) VALUES (29, 'Catherine Williams');
INSERT INTO employee (id, name) VALUES (30, 'Daniel Smith');


INSERT INTO item (id, name, price) VALUES (1, 'HP Laptop Probook G9', 1500.00);
INSERT INTO item (id, name, price) VALUES (2, 'Apple iPhone 13', 999.00);
INSERT INTO item (id, name, price) VALUES (3, 'Samsung Galaxy S21', 799.99);
INSERT INTO item (id, name, price) VALUES (4, 'Dell XPS 13', 1200.00);
INSERT INTO item (id, name, price) VALUES (5, 'Bose QuietComfort 35 II', 299.00);
INSERT INTO item (id, name, price) VALUES (6, 'Nintendo Switch', 299.99);
INSERT INTO item (id, name, price) VALUES (7, 'Sony WH-1000XM4', 349.99);
INSERT INTO item (id, name, price) VALUES (8, 'LG OLED CX Series', 1899.99);
INSERT INTO item (id, name, price) VALUES (9, 'Google Pixel 6', 699.00);
INSERT INTO item (id, name, price) VALUES (10, 'Microsoft Surface Pro 8', 1099.00);
INSERT INTO item (id, name, price) VALUES (11, 'Canon EOS R6', 2499.00);
INSERT INTO item (id, name, price) VALUES (12, 'Fitbit Versa 3', 229.95);
INSERT INTO item (id, name, price) VALUES (13, 'Amazon Echo Dot', 49.99);
INSERT INTO item (id, name, price) VALUES (14, 'Apple AirPods Pro', 249.00);
INSERT INTO item (id, name, price) VALUES (15, 'Samsung QN90A QLED TV', 2799.99);
INSERT INTO item (id, name, price) VALUES (16, 'Lenovo ThinkPad X1 Carbon', 1599.00);
INSERT INTO item (id, name, price) VALUES (17, 'Monitor 27 Viewfinity S80TB 4K UHD IPS', 699.95);
INSERT INTO item (id, name, price) VALUES (18, 'Logitech MX Master 3', 99.99);
INSERT INTO item (id, name, price) VALUES (19, 'Apple iPad Pro', 799.00);
INSERT INTO item (id, name, price) VALUES (20, 'Nikon Z6 II', 1999.95);
INSERT INTO item (id, name, price) VALUES (21, 'HP Envy x360', 899.99);
INSERT INTO item (id, name, price) VALUES (22, 'LG 27GN950-B', 1496.99);
INSERT INTO item (id, name, price) VALUES (23, 'Samsung T7 Touch', 149.99);
INSERT INTO item (id, name, price) VALUES (24, 'Microsoft Xbox Series X', 499.99);
INSERT INTO item (id, name, price) VALUES (25, 'Sony A7 III', 1999.99);
INSERT INTO item (id, name, price) VALUES (26, 'Razer Blade 15', 1699.99);
INSERT INTO item (id, name, price) VALUES (27, 'Apple Watch Series 7', 399.00);
INSERT INTO item (id, name, price) VALUES (28, 'Beats Studio Buds', 149.99);
INSERT INTO item (id, name, price) VALUES (29, 'Garmin Forerunner 945', 599.99);
INSERT INTO item (id, name, price) VALUES (30, 'Asus ROG Zephyrus G14', 1499.99);
INSERT INTO item (id, name, price) VALUES (31, 'Sony WH-1000XM3', 349.99);
INSERT INTO item (id, name, price) VALUES (32, 'Samsung Galaxy Tab S7', 649.99);
INSERT INTO item (id, name, price) VALUES (33, 'Sony X950H LED TV', 1399.99);
INSERT INTO item (id, name, price) VALUES (34, 'Microsoft Surface Laptop 4', 999.99);
INSERT INTO item (id, name, price) VALUES (35, 'Bose SoundLink Revolve+', 299.99);
INSERT INTO item (id, name, price) VALUES (36, 'LG 27GN850-B', 449.99);
INSERT INTO item (id, name, price) VALUES (37, 'Apple MacBook Pro M1', 1299.00);
INSERT INTO item (id, name, price) VALUES (38, 'Sony WH-1000XM2', 299.99);
INSERT INTO item (id, name, price) VALUES (39, 'Canon EOS R5', 3899.00);
INSERT INTO item (id, name, price) VALUES (40, 'Samsung Galaxy Watch 4', 249.99);
INSERT INTO item (id, name, price) VALUES (41, 'Dell UltraSharp U2720Q', 749.99);
INSERT INTO item (id, name, price) VALUES (42, 'Sony PlayStation 5', 499.99);
INSERT INTO item (id, name, price) VALUES (43, 'Apple TV 4K', 179.00);
INSERT INTO item (id, name, price) VALUES (44, 'LG CX Series OLED TV', 1499.99);
INSERT INTO item (id, name, price) VALUES (45, 'Fitbit Charge 5', 179.95);
INSERT INTO item (id, name, price) VALUES (46, 'Amazon Kindle Paperwhite', 129.99);
INSERT INTO item (id, name, price) VALUES (47, 'Google Nest Hub Max', 229.99);
INSERT INTO item (id, name, price) VALUES (48, 'Samsung Galaxy Buds Pro', 199.99);
INSERT INTO item (id, name, price) VALUES (49, 'Lenovo Legion 5', 1299.99);
INSERT INTO item (id, name, price) VALUES (50, 'Bose QuietComfort Earbuds', 279.00);
INSERT INTO item (id, name, price) VALUES (51, 'Apple iPad Air', 599.00);
INSERT INTO item (id, name, price) VALUES (52, 'Microsoft Surface Go 3', 399.99);
INSERT INTO item (id, name, price) VALUES (53, 'Sony WF-1000XM4', 279.99);
INSERT INTO item (id, name, price) VALUES (54, 'Nvidia GeForce RTX 3080', 699.99);
INSERT INTO item (id, name, price) VALUES (55, 'Samsung Odyssey G9', 1499.99);


INSERT INTO employee_item (id, quantity, employee_id, item_id) VALUES (1, 2, 1, 1);
INSERT INTO employee_item (id, quantity, employee_id, item_id) VALUES (2, 3, 2, 2);
INSERT INTO employee_item (id, quantity, employee_id, item_id) VALUES (3, 1, 3, 3);
INSERT INTO employee_item (id, quantity, employee_id, item_id) VALUES (4, 4, 4, 4);
INSERT INTO employee_item (id, quantity, employee_id, item_id) VALUES (5, 2, 5, 5);
INSERT INTO employee_item (id, quantity, employee_id, item_id) VALUES (6, 3, 6, 6);
INSERT INTO employee_item (id, quantity, employee_id, item_id) VALUES (7, 1, 7, 7);
INSERT INTO employee_item (id, quantity, employee_id, item_id) VALUES (8, 4, 8, 8);
INSERT INTO employee_item (id, quantity, employee_id, item_id) VALUES (9, 2, 9, 9);
INSERT INTO employee_item (id, quantity, employee_id, item_id) VALUES (10, 3, 10, 10);
INSERT INTO employee_item (id, quantity, employee_id, item_id) VALUES (11, 1, 11, 11);
INSERT INTO employee_item (id, quantity, employee_id, item_id) VALUES (12, 4, 12, 12);
INSERT INTO employee_item (id, quantity, employee_id, item_id) VALUES (13, 2, 13, 13);
INSERT INTO employee_item (id, quantity, employee_id, item_id) VALUES (14, 3, 14, 14);
INSERT INTO employee_item (id, quantity, employee_id, item_id) VALUES (15, 1, 15, 15);
INSERT INTO employee_item (id, quantity, employee_id, item_id) VALUES (16, 4, 16, 16);
INSERT INTO employee_item (id, quantity, employee_id, item_id) VALUES (17, 2, 17, 17);
INSERT INTO employee_item (id, quantity, employee_id, item_id) VALUES (18, 3, 18, 18);
INSERT INTO employee_item (id, quantity, employee_id, item_id) VALUES (19, 1, 19, 19);
INSERT INTO employee_item (id, quantity, employee_id, item_id) VALUES (20, 4, 20, 20);
INSERT INTO employee_item (id, quantity, employee_id, item_id) VALUES (21, 2, 21, 21);
INSERT INTO employee_item (id, quantity, employee_id, item_id) VALUES (22, 3, 22, 22);
INSERT INTO employee_item (id, quantity, employee_id, item_id) VALUES (23, 1, 23, 23);
INSERT INTO employee_item (id, quantity, employee_id, item_id) VALUES (24, 4, 24, 24);
INSERT INTO employee_item (id, quantity, employee_id, item_id) VALUES (25, 2, 25, 25);
INSERT INTO employee_item (id, quantity, employee_id, item_id) VALUES (26, 3, 26, 26);
INSERT INTO employee_item (id, quantity, employee_id, item_id) VALUES (27, 1, 27, 27);
INSERT INTO employee_item (id, quantity, employee_id, item_id) VALUES (28, 4, 28, 28);
INSERT INTO employee_item (id, quantity, employee_id, item_id) VALUES (29, 2, 29, 29);
INSERT INTO employee_item (id, quantity, employee_id, item_id) VALUES (30, 3, 30, 30);
INSERT INTO employee_item (id, quantity, employee_id, item_id) VALUES (31, 1, 1, 31);
INSERT INTO employee_item (id, quantity, employee_id, item_id) VALUES (32, 4, 2, 32);
INSERT INTO employee_item (id, quantity, employee_id, item_id) VALUES (33, 2, 3, 33);
INSERT INTO employee_item (id, quantity, employee_id, item_id) VALUES (34, 3, 4, 34);
INSERT INTO employee_item (id, quantity, employee_id, item_id) VALUES (35, 1, 5, 35);
INSERT INTO employee_item (id, quantity, employee_id, item_id) VALUES (36, 4, 6, 36);
INSERT INTO employee_item (id, quantity, employee_id, item_id) VALUES (37, 2, 7, 37);
INSERT INTO employee_item (id, quantity, employee_id, item_id) VALUES (38, 3, 8, 38);
INSERT INTO employee_item (id, quantity, employee_id, item_id) VALUES (39, 1, 9, 39);
INSERT INTO employee_item (id, quantity, employee_id, item_id) VALUES (40, 4, 10, 40);
INSERT INTO employee_item (id, quantity, employee_id, item_id) VALUES (41, 2, 11, 41);
INSERT INTO employee_item (id, quantity, employee_id, item_id) VALUES (42, 3, 12, 42);
INSERT INTO employee_item (id, quantity, employee_id, item_id) VALUES (43, 1, 13, 43);
INSERT INTO employee_item (id, quantity, employee_id, item_id) VALUES (44, 4, 14, 44);
INSERT INTO employee_item (id, quantity, employee_id, item_id) VALUES (45, 2, 15, 45);
INSERT INTO employee_item (id, quantity, employee_id, item_id) VALUES (46, 3, 16, 46);
INSERT INTO employee_item (id, quantity, employee_id, item_id) VALUES (47, 1, 17, 47);
INSERT INTO employee_item (id, quantity, employee_id, item_id) VALUES (48, 4, 18, 48);
INSERT INTO employee_item (id, quantity, employee_id, item_id) VALUES (49, 2, 19, 49);
INSERT INTO employee_item (id, quantity, employee_id, item_id) VALUES (50, 3, 20, 50);
INSERT INTO employee_item (id, quantity, employee_id, item_id) VALUES (51, 1, 21, 51);
INSERT INTO employee_item (id, quantity, employee_id, item_id) VALUES (52, 4, 22, 52);
INSERT INTO employee_item (id, quantity, employee_id, item_id) VALUES (53, 2, 23, 53);
INSERT INTO employee_item (id, quantity, employee_id, item_id) VALUES (54, 3, 24, 54);
INSERT INTO employee_item (id, quantity, employee_id, item_id) VALUES (55, 1, 25, 55);
INSERT INTO employee_item (id, quantity, employee_id, item_id) VALUES (56, 4, 26, 1);
INSERT INTO employee_item (id, quantity, employee_id, item_id) VALUES (57, 2, 27, 2);
INSERT INTO employee_item (id, quantity, employee_id, item_id) VALUES (58, 3, 28, 3);
INSERT INTO employee_item (id, quantity, employee_id, item_id) VALUES (59, 1, 29, 4);
INSERT INTO employee_item (id, quantity, employee_id, item_id) VALUES (60, 4, 30, 5);
INSERT INTO employee_item (id, quantity, employee_id, item_id) VALUES (61, 2, 1, 6);
INSERT INTO employee_item (id, quantity, employee_id, item_id) VALUES (62, 3, 2, 7);
INSERT INTO employee_item (id, quantity, employee_id, item_id) VALUES (63, 1, 3, 8);
INSERT INTO employee_item (id, quantity, employee_id, item_id) VALUES (64, 4, 4, 9);
INSERT INTO employee_item (id, quantity, employee_id, item_id) VALUES (65, 2, 5, 10);
INSERT INTO employee_item (id, quantity, employee_id, item_id) VALUES (66, 3, 6, 11);
INSERT INTO employee_item (id, quantity, employee_id, item_id) VALUES (67, 1, 7, 12);
INSERT INTO employee_item (id, quantity, employee_id, item_id) VALUES (68, 4, 8, 13);
INSERT INTO employee_item (id, quantity, employee_id, item_id) VALUES (69, 2, 9, 14);
INSERT INTO employee_item (id, quantity, employee_id, item_id) VALUES (70, 3, 10, 15);
INSERT INTO employee_item (id, quantity, employee_id, item_id) VALUES (71, 1, 11, 16);
INSERT INTO employee_item (id, quantity, employee_id, item_id) VALUES (72, 4, 12, 17);
INSERT INTO employee_item (id, quantity, employee_id, item_id) VALUES (73, 2, 13, 18);
INSERT INTO employee_item (id, quantity, employee_id, item_id) VALUES (74, 3, 14, 19);
INSERT INTO employee_item (id, quantity, employee_id, item_id) VALUES (75, 1, 15, 20);
INSERT INTO employee_item (id, quantity, employee_id, item_id) VALUES (76, 4, 16, 21);
INSERT INTO employee_item (id, quantity, employee_id, item_id) VALUES (77, 2, 17, 22);
INSERT INTO employee_item (id, quantity, employee_id, item_id) VALUES (78, 3, 18, 23);
INSERT INTO employee_item (id, quantity, employee_id, item_id) VALUES (79, 1, 19, 24);
INSERT INTO employee_item (id, quantity, employee_id, item_id) VALUES (80, 4, 20, 25);
INSERT INTO employee_item (id, quantity, employee_id, item_id) VALUES (81, 2, 21, 26);
INSERT INTO employee_item (id, quantity, employee_id, item_id) VALUES (82, 3, 22, 27);
INSERT INTO employee_item (id, quantity, employee_id, item_id) VALUES (83, 1, 23, 28);
INSERT INTO employee_item (id, quantity, employee_id, item_id) VALUES (84, 4, 24, 29);
INSERT INTO employee_item (id, quantity, employee_id, item_id) VALUES (85, 2, 25, 30);
INSERT INTO employee_item (id, quantity, employee_id, item_id) VALUES (86, 3, 26, 31);
INSERT INTO employee_item (id, quantity, employee_id, item_id) VALUES (87, 1, 27, 32);
INSERT INTO employee_item (id, quantity, employee_id, item_id) VALUES (88, 4, 28, 33);
INSERT INTO employee_item (id, quantity, employee_id, item_id) VALUES (89, 2, 29, 34);
INSERT INTO employee_item (id, quantity, employee_id, item_id) VALUES (90, 3, 30, 35);
INSERT INTO employee_item (id, quantity, employee_id, item_id) VALUES (91, 1, 1, 36);
INSERT INTO employee_item (id, quantity, employee_id, item_id) VALUES (92, 4, 2, 37);
INSERT INTO employee_item (id, quantity, employee_id, item_id) VALUES (93, 2, 3, 38);
INSERT INTO employee_item (id, quantity, employee_id, item_id) VALUES (94, 3, 4, 39);
INSERT INTO employee_item (id, quantity, employee_id, item_id) VALUES (95, 1, 5, 40);
INSERT INTO employee_item (id, quantity, employee_id, item_id) VALUES (96, 4, 6, 41);
INSERT INTO employee_item (id, quantity, employee_id, item_id) VALUES (97, 2, 7, 42);
INSERT INTO employee_item (id, quantity, employee_id, item_id) VALUES (98, 3, 8, 43);
INSERT INTO employee_item (id, quantity, employee_id, item_id) VALUES (99, 1, 9, 44);
INSERT INTO employee_item (id, quantity, employee_id, item_id) VALUES (100, 4, 10, 45);


SELECT setval('employee_seq', (SELECT MAX(id) FROM employee)+1);
SELECT setval('item_seq', (SELECT MAX(id) FROM item)+1);
SELECT setval('employee_item_seq', (SELECT MAX(id) FROM employee_item)+1);